-- phpMyAdmin SQL Dump
-- version 5.2.1
-- https://www.phpmyadmin.net/
--
-- Host: localhost
-- Generation Time: Jun 10, 2024 at 03:14 PM
-- Server version: 10.4.28-MariaDB
-- PHP Version: 8.0.28

SET SQL_MODE = "NO_AUTO_VALUE_ON_ZERO";
START TRANSACTION;
SET time_zone = "+00:00";


/*!40101 SET @OLD_CHARACTER_SET_CLIENT=@@CHARACTER_SET_CLIENT */;
/*!40101 SET @OLD_CHARACTER_SET_RESULTS=@@CHARACTER_SET_RESULTS */;
/*!40101 SET @OLD_COLLATION_CONNECTION=@@COLLATION_CONNECTION */;
/*!40101 SET NAMES utf8mb4 */;

--
-- Database: `meat_shop`
--

-- --------------------------------------------------------

--
-- Table structure for table `tbl_account`
--

CREATE TABLE `tbl_account` (
  `account_id` int(11) NOT NULL,
  `ac_username` varchar(255) NOT NULL,
  `ac_email` varchar(255) NOT NULL,
  `ac_password` varchar(255) NOT NULL,
  `role_id` int(11) NOT NULL,
  `account_status_id` int(11) NOT NULL DEFAULT 1,
  `branch_id` int(11) NOT NULL DEFAULT 1
) ENGINE=InnoDB DEFAULT CHARSET=utf8mb4 COLLATE=utf8mb4_general_ci;

--
-- Dumping data for table `tbl_account`
--

INSERT INTO `tbl_account` (`account_id`, `ac_username`, `ac_email`, `ac_password`, `role_id`, `account_status_id`, `branch_id`) VALUES
(1, 'jcdavid', 'jcdavid@gmail.com', '$2y$10$iAp34p.CeIZRqYDlgM.AOuFM7Q2d2uifCpbl14xbsnptXoiRozEqy', 1, 1, 1),
(2, 'golden', 'golden@gmail.com', '$2y$10$92lKJT/9e9JSzuGmEZ1N8.cPldvOQexUuU2k97F5GykS0rP4l5tqq', 1, 1, 1),
(3, 'john erick', 'johnerick@gmail.com', '$2y$10$OZIIZnjXfRrVNX5G389R3.emX0dGaTb35PIQAbOqKhEB6qYWnoAuC', 2, 1, 1),
(4, 'lugo', 'lugo@gmail.com', '$2y$10$m5gg4RhBizZnqOJXR6IFIemRMw/0bex4eY4mxCNpgys2aQDRr.auq', 2, 1, 1),
(6, 'admin', 'admin@gmail.com', '$2y$10$t3.cWIceqWE/cDo9lNYXAuK2fSFiRplX6QHlbuTR8TlGJU1cRtkA6', 2, 1, 1),
(7, 'juan', 'cashier@gmail.com', '$2y$10$oxj3kjSVZEBHBEFS5EkT8OgwTkRezxKytLTgdov6Vs8qhCmOPPe9K', 3, 1, 2),
(8, 'jhyra', 'cashier2@gmail.com', '$2y$10$kxW2vsZVDHzuZg.oHujg7OQUWUrr77JZ9tDMhY1GYojPNliEi3cnC', 3, 1, 1),
(9, 'lugs', 'lugs@gmail.com', '$2y$10$Sgyb8CATbHXkScwxoZmHtOMypd5SCn/fB1jgZ/elykNOe02fN/X0m', 1, 1, 1),
(10, 'user', 'jc.david@gmail.com', '$2y$10$nyGPsjX/.61ru7G2mZBrguQXH4/Kca7Y/T1UYioBVbxmAosIEAMHS', 1, 1, 1);

-- --------------------------------------------------------

--
-- Table structure for table `tbl_account_details`
--

CREATE TABLE `tbl_account_details` (
  `account_id` int(11) NOT NULL,
  `first_name` varchar(50) NOT NULL,
  `middle_name` varchar(50) DEFAULT NULL,
  `last_name` varchar(50) NOT NULL,
  `contact` varchar(50) NOT NULL,
  `gender` varchar(50) NOT NULL,
  `address` varchar(255) NOT NULL
) ENGINE=InnoDB DEFAULT CHARSET=utf8mb4 COLLATE=utf8mb4_general_ci;

--
-- Dumping data for table `tbl_account_details`
--

INSERT INTO `tbl_account_details` (`account_id`, `first_name`, `middle_name`, `last_name`, `contact`, `gender`, `address`) VALUES
(1, 'Jc', 'Domingo', 'David', '09565535401', 'Male', 'Montecillo subd'),
(2, 'Golden', '', 'Miral', '09565535401', 'Male', 'Bayan Glori'),
(3, 'John Erick', '', 'Llanita', '09565535401', 'Male', 'Quezon City'),
(4, 'Christian', '', 'Lugo', '09512847442', 'Male', 'Bayan Glori'),
(6, 'Jc', '', 'David', '09565535401', 'Male', 'Bayan Glori'),
(7, 'Juan', '', 'David', '09565535401', 'Male', 'Cielito Caloocan'),
(8, 'jhy', '', 'mariano', '09512847442', 'Female', 'Bayan Glori'),
(9, 'Christian', '', 'Lugo', '09565535401', 'Male', 'Bayan Glori'),
(10, 'Juan Carlo', 'Domingo', 'David', '09565535401', 'Male', 'Montecillo subd');

-- --------------------------------------------------------

--
-- Table structure for table `tbl_account_status`
--

CREATE TABLE `tbl_account_status` (
  `account_status_id` int(11) NOT NULL,
  `account_status` varchar(50) NOT NULL
) ENGINE=InnoDB DEFAULT CHARSET=utf8mb4 COLLATE=utf8mb4_general_ci;

--
-- Dumping data for table `tbl_account_status`
--

INSERT INTO `tbl_account_status` (`account_status_id`, `account_status`) VALUES
(1, 'Active'),
(2, 'Deactivated');

-- --------------------------------------------------------

--
-- Table structure for table `tbl_audit_log`
--

CREATE TABLE `tbl_audit_log` (
  `log_user_id` int(11) DEFAULT NULL,
  `log_username` varchar(50) DEFAULT NULL,
  `log_user_type` varchar(50) DEFAULT NULL,
  `log_date` timestamp NULL DEFAULT current_timestamp()
) ENGINE=InnoDB DEFAULT CHARSET=utf8mb4 COLLATE=utf8mb4_general_ci;

-- --------------------------------------------------------

--
-- Table structure for table `tbl_audit_trail`
--

CREATE TABLE `tbl_audit_trail` (
  `trail_user_id` int(11) DEFAULT NULL,
  `trail_username` varchar(50) DEFAULT NULL,
  `trail_activity` varchar(50) DEFAULT NULL,
  `trail_user_type` varchar(50) DEFAULT NULL,
  `trail_date` timestamp NOT NULL DEFAULT current_timestamp()
) ENGINE=InnoDB DEFAULT CHARSET=utf8mb4 COLLATE=utf8mb4_general_ci;

-- --------------------------------------------------------

--
-- Table structure for table `tbl_branch`
--

CREATE TABLE `tbl_branch` (
  `branch_id` int(11) NOT NULL,
  `branch_name` varchar(255) NOT NULL
) ENGINE=InnoDB DEFAULT CHARSET=utf8mb4 COLLATE=utf8mb4_general_ci;

--
-- Dumping data for table `tbl_branch`
--

INSERT INTO `tbl_branch` (`branch_id`, `branch_name`) VALUES
(1, 'Bagbag'),
(2, 'Sauyo');

-- --------------------------------------------------------

--
-- Table structure for table `tbl_cart`
--

CREATE TABLE `tbl_cart` (
  `item_id` int(11) NOT NULL,
  `prod_id` int(11) NOT NULL,
  `prod_qnty` float NOT NULL,
  `order_date` date DEFAULT NULL,
  `status_id` int(11) NOT NULL DEFAULT 1,
  `branch_id` int(11) NOT NULL,
  `account_id` int(11) NOT NULL
) ENGINE=InnoDB DEFAULT CHARSET=utf8mb4 COLLATE=utf8mb4_general_ci;

-- --------------------------------------------------------

--
-- Table structure for table `tbl_products`
--

CREATE TABLE `tbl_products` (
  `prod_id` int(11) NOT NULL,
  `prod_name` varchar(255) NOT NULL,
  `prod_price` int(11) NOT NULL,
  `prod_type` int(11) NOT NULL,
  `prod_stocks` float NOT NULL,
  `prod_img` varchar(255) NOT NULL
) ENGINE=InnoDB DEFAULT CHARSET=utf8mb4 COLLATE=utf8mb4_general_ci;

--
-- Dumping data for table `tbl_products`
--

INSERT INTO `tbl_products` (`prod_id`, `prod_name`, `prod_price`, `prod_type`, `prod_stocks`, `prod_img`) VALUES
(1, 'Fresh Beef Steak', 370, 1, 41.5, 'img-1.webp'),
(2, 'Ground Beef', 360, 1, 42, 'img-2.jpeg'),
(3, 'Roast Beef', 370, 1, 46, 'img-3.jpeg'),
(4, 'Fresh Pork Chops', 390, 2, 50, 'img-1.jpeg'),
(5, 'Fresh Pork Ribs', 340, 2, 42, 'img-2.jpeg'),
(6, 'Fresh Bacon', 370, 2, 50, 'img-3.jpeg'),
(7, 'Pork Ham', 340, 2, 50, 'img-4.jpeg'),
(8, 'Pork Sausage', 310, 2, 50, 'img-5.jpeg'),
(9, 'Chicken Breast', 310, 3, 42.5, 'img-1.webp'),
(10, 'Chicken Thigh', 320, 3, 50, 'img-2.jpeg'),
(11, 'Chicken Wings', 290, 3, 50, 'img-3.jpeg'),
(12, 'Drumsticks', 300, 3, 50, 'img-4.jpeg'),
(13, 'One Whole Chicken', 360, 3, 45, 'img-5.webp'),
(14, 'Fresh Lamb Chops', 610, 4, 50, 'img-1.jpeg'),
(15, 'Fresh Lamb Legs', 990, 4, 50, 'img-2.jpeg'),
(16, 'Fresh Salami', 375, 5, 50, 'img-1.jpeg'),
(17, 'Fresh Pastrami', 315, 5, 49, 'img-2.jpeg'),
(18, 'Roast Beef', 870, 5, 50, 'img-3.jpeg'),
(19, 'Pork Liempo', 290, 2, 50, 'img-6.jpeg'),
(20, 'Pork Kasim', 230, 2, 50, 'img-7.jpeg'),
(21, 'Pork Lomo', 210, 2, 50, 'img-8.jpeg');

-- --------------------------------------------------------

--
-- Table structure for table `tbl_product_type`
--

CREATE TABLE `tbl_product_type` (
  `prod_type_id` int(11) NOT NULL,
  `prod_type_name` varchar(50) NOT NULL
) ENGINE=InnoDB DEFAULT CHARSET=utf8mb4 COLLATE=utf8mb4_general_ci;

--
-- Dumping data for table `tbl_product_type`
--

INSERT INTO `tbl_product_type` (`prod_type_id`, `prod_type_name`) VALUES
(1, 'Beef'),
(2, 'Pork'),
(3, 'Chicken'),
(4, 'Lamb'),
(5, 'Deli Meats');

-- --------------------------------------------------------

--
-- Table structure for table `tbl_receipt`
--

CREATE TABLE `tbl_receipt` (
  `receipt_id` int(11) NOT NULL,
  `account_id` int(11) NOT NULL,
  `receipt_img` varchar(255) NOT NULL,
  `receipt_number` varchar(50) NOT NULL,
  `deposit_amount` int(11) NOT NULL,
  `uploaded_date` date NOT NULL
) ENGINE=InnoDB DEFAULT CHARSET=utf8mb4 COLLATE=utf8mb4_general_ci;

-- --------------------------------------------------------

--
-- Table structure for table `tbl_reports`
--

CREATE TABLE `tbl_reports` (
  `report_id` int(11) NOT NULL,
  `rp_name` varchar(50) NOT NULL,
  `rp_email` varchar(150) NOT NULL,
  `rp_message` varchar(255) NOT NULL
) ENGINE=InnoDB DEFAULT CHARSET=utf8mb4 COLLATE=utf8mb4_general_ci;

--
-- Dumping data for table `tbl_reports`
--

INSERT INTO `tbl_reports` (`report_id`, `rp_name`, `rp_email`, `rp_message`) VALUES
(1, 'Jc David', 'jcdavid@gmail.com', 'magandaaa');

-- --------------------------------------------------------

--
-- Table structure for table `tbl_role`
--

CREATE TABLE `tbl_role` (
  `role_id` int(11) NOT NULL,
  `role_name` varchar(50) NOT NULL
) ENGINE=InnoDB DEFAULT CHARSET=utf8mb4 COLLATE=utf8mb4_general_ci;

--
-- Dumping data for table `tbl_role`
--

INSERT INTO `tbl_role` (`role_id`, `role_name`) VALUES
(1, 'user'),
(2, 'admin'),
(3, 'cashier');

-- --------------------------------------------------------

--
-- Table structure for table `tbl_status`
--

CREATE TABLE `tbl_status` (
  `status_id` int(11) NOT NULL,
  `status_name` varchar(50) NOT NULL
) ENGINE=InnoDB DEFAULT CHARSET=utf8mb4 COLLATE=utf8mb4_general_ci;

--
-- Dumping data for table `tbl_status`
--

INSERT INTO `tbl_status` (`status_id`, `status_name`) VALUES
(1, 'PENDING'),
(2, 'CLAIMED'),
(3, 'PROCESS'),
(4, 'TO CLAIM');

-- --------------------------------------------------------

--
-- Table structure for table `tbl_transactions`
--

CREATE TABLE `tbl_transactions` (
  `user_id` int(11) NOT NULL,
  `user_name` varchar(50) NOT NULL,
  `user_type` varchar(50) NOT NULL,
  `user_activity` varchar(100) NOT NULL,
  `activity_date` date NOT NULL,
  `branch_id` int(11) NOT NULL
) ENGINE=InnoDB DEFAULT CHARSET=utf8mb4 COLLATE=utf8mb4_general_ci;

--
-- Indexes for dumped tables
--

--
-- Indexes for table `tbl_account`
--
ALTER TABLE `tbl_account`
  ADD PRIMARY KEY (`account_id`);

--
-- Indexes for table `tbl_account_status`
--
ALTER TABLE `tbl_account_status`
  ADD PRIMARY KEY (`account_status_id`);

--
-- Indexes for table `tbl_branch`
--
ALTER TABLE `tbl_branch`
  ADD PRIMARY KEY (`branch_id`);

--
-- Indexes for table `tbl_cart`
--
ALTER TABLE `tbl_cart`
  ADD PRIMARY KEY (`item_id`);

--
-- Indexes for table `tbl_products`
--
ALTER TABLE `tbl_products`
  ADD PRIMARY KEY (`prod_id`);

--
-- Indexes for table `tbl_product_type`
--
ALTER TABLE `tbl_product_type`
  ADD PRIMARY KEY (`prod_type_id`);

--
-- Indexes for table `tbl_receipt`
--
ALTER TABLE `tbl_receipt`
  ADD PRIMARY KEY (`receipt_id`);

--
-- Indexes for table `tbl_reports`
--
ALTER TABLE `tbl_reports`
  ADD PRIMARY KEY (`report_id`);

--
-- Indexes for table `tbl_role`
--
ALTER TABLE `tbl_role`
  ADD PRIMARY KEY (`role_id`);

--
-- Indexes for table `tbl_status`
--
ALTER TABLE `tbl_status`
  ADD PRIMARY KEY (`status_id`);

--
-- AUTO_INCREMENT for dumped tables
--

--
-- AUTO_INCREMENT for table `tbl_account`
--
ALTER TABLE `tbl_account`
  MODIFY `account_id` int(11) NOT NULL AUTO_INCREMENT, AUTO_INCREMENT=11;

--
-- AUTO_INCREMENT for table `tbl_account_status`
--
ALTER TABLE `tbl_account_status`
  MODIFY `account_status_id` int(11) NOT NULL AUTO_INCREMENT, AUTO_INCREMENT=3;

--
-- AUTO_INCREMENT for table `tbl_branch`
--
ALTER TABLE `tbl_branch`
  MODIFY `branch_id` int(11) NOT NULL AUTO_INCREMENT, AUTO_INCREMENT=3;

--
-- AUTO_INCREMENT for table `tbl_cart`
--
ALTER TABLE `tbl_cart`
  MODIFY `item_id` int(11) NOT NULL AUTO_INCREMENT, AUTO_INCREMENT=64;

--
-- AUTO_INCREMENT for table `tbl_products`
--
ALTER TABLE `tbl_products`
  MODIFY `prod_id` int(11) NOT NULL AUTO_INCREMENT, AUTO_INCREMENT=26;

--
-- AUTO_INCREMENT for table `tbl_product_type`
--
ALTER TABLE `tbl_product_type`
  MODIFY `prod_type_id` int(11) NOT NULL AUTO_INCREMENT, AUTO_INCREMENT=6;

--
-- AUTO_INCREMENT for table `tbl_receipt`
--
ALTER TABLE `tbl_receipt`
  MODIFY `receipt_id` int(11) NOT NULL AUTO_INCREMENT, AUTO_INCREMENT=9;

--
-- AUTO_INCREMENT for table `tbl_reports`
--
ALTER TABLE `tbl_reports`
  MODIFY `report_id` int(11) NOT NULL AUTO_INCREMENT, AUTO_INCREMENT=2;

--
-- AUTO_INCREMENT for table `tbl_role`
--
ALTER TABLE `tbl_role`
  MODIFY `role_id` int(11) NOT NULL AUTO_INCREMENT, AUTO_INCREMENT=4;

--
-- AUTO_INCREMENT for table `tbl_status`
--
ALTER TABLE `tbl_status`
  MODIFY `status_id` int(11) NOT NULL AUTO_INCREMENT, AUTO_INCREMENT=5;
COMMIT;

/*!40101 SET CHARACTER_SET_CLIENT=@OLD_CHARACTER_SET_CLIENT */;
/*!40101 SET CHARACTER_SET_RESULTS=@OLD_CHARACTER_SET_RESULTS */;
/*!40101 SET COLLATION_CONNECTION=@OLD_COLLATION_CONNECTION */;
